Receiver_ID,Name,Type,City,Contact
1,Donald Gomez,Shelter,Port Carlburgh,9999999999
2,Laurie Ramos,Individual,Lewisburgh,9999999999
3,Ashley Mckee,NGO,South Randalltown,9999999999
4,Erika Rose,NGO,South Shaneville,8296491111
5,John Romero,Individual,Bakerport,9999999999
6,Mandy Sutton PhD,Shelter,East Sharimouth,9999999999
7,Kenneth Baker,NGO,South Edwinborough,9999999999
8,James Perez,Charity,Benjaminburgh,9999999999
9,Emily Turner,Shelter,West Robert,9999999999
10,Mary Salazar,NGO,Wrightland,9999999999
11,Amber Pacheco,Individual,South Gregorymouth,9999999999
12,Jennifer Bishop,NGO,Katherineside,9999999999
13,Jamie Sutton,Shelter,Lake Matthewstad,9999999999
14,Brian Fischer,Shelter,Burkeside,9999999999
15,Donald Kelly,NGO,Port Ronald,9999999999
16,Elizabeth Lewis,NGO,Port Tara,9999999999
17,Melissa Castillo,NGO,Silvaport,9999999999
18,Lisa Williams,NGO,Moranhaven,9999999999
19,Courtney Sanders,NGO,North Cynthiaberg,9999999999
20,George Palmer,NGO,Sandrahaven,9999999999
21,Emily Davidson,NGO,Jonesside,9999999999
22,Kristina Meza,Shelter,Lake Nicole,9999999999
23,Kurt Ward,Individual,Aliciabury,9999999999
24,Tammy Moore,Individual,Monicafort,9999999999
25,Lisa Mcclain,NGO,Lake Elizabeth,9999999999
26,Kimberly Lindsey,Charity,Port Matthewmouth,9999999999
27,Johnny Page,NGO,Susanfurt,9999999999
28,Mary Franklin,Individual,Courtneyfurt,9999999999
29,Nicholas Robinson,NGO,Lake Kendra,9999999999
30,Bruce Sanchez,Shelter,North Heather,9999999999
31,Rose Powell,NGO,Spencermouth,9999999999
32,Audrey Perez,Individual,Taylorfort,9999999999
33,Anita Kerr,NGO,Walshfort,9999999999
34,Megan Alvarez,Individual,North Robert,6244329386
35,James Castaneda,Shelter,South Rachaelhaven,9999999999
36,Teresa Davis,Charity,Olsonville,9999999999
37,Angel Adams,Shelter,West Erik,9999999999
38,Alexander Mullins,Charity,Josephview,9999999999
39,John Ramirez,Shelter,Moorechester,9999999999
40,Abigail Davis,Individual,West Carrie,9999999999
41,Julia Elliott,Shelter,Port Kellyburgh,9999999999
42,Maria Jacobs,NGO,Port Dawntown,9999999999
43,Bobby Perry,Charity,Amberfort,9999999999
44,Andrew Lawson,Shelter,Davisborough,9999999999
45,Derek Potter,Charity,South Laurachester,9999999999
46,Kevin Lee,Charity,East Teresahaven,9999999999
47,Taylor Dean,Shelter,Moorechester,9999999999
48,Jennifer Graham,Individual,East Saraport,9999999999
49,Gabriel Nicholson,Charity,South Tonyaborough,9999999999
50,Brian Gonzales,NGO,North Sarah,9999999999
51,Timothy Clark,Charity,Port Johnchester,9999999999
52,Cheryl Dillon,NGO,Hornemouth,9999999999
53,Cassandra Owens,Shelter,Tomburgh,9999999999
54,Veronica Howard,NGO,Higginsmouth,9999999999
55,Erika Rodriguez,Shelter,Larastad,9999999999
56,Deborah Smith,Individual,Jasonshire,9999999999
57,Christopher Lozano,Individual,New Mary,9999999999
58,Julia Madden,Shelter,Michaelton,9999999999
59,Alicia Thomas,Charity,Lake Mary,9999999999
60,Jessica Rivas,NGO,Phillipborough,9999999999
61,John Vazquez,Charity,South Kathleenbury,9999999999
62,Nichole Lewis,NGO,North Catherinefurt,9999999999
63,David Turner,Charity,East William,4456052297
64,Debra Sheppard,Shelter,North Darinshire,9999999999
65,Cody Gardner,NGO,Port Belinda,9999999999
66,Jade Jackson,Individual,West Jaclyn,9999999999
67,Rodney Walker,Shelter,Strongshire,9999999999
68,Wesley Thompson,Charity,Edwardburgh,9999999999
69,Scott Brown,NGO,East Dylan,9999999999
70,Carolyn Whitaker,Individual,Gregoryville,6651783261
71,Timothy Daniel,Charity,New Gloriaburgh,9999999999
72,Charles Davidson,Shelter,West Angelatown,9999999999
73,Kimberly Mills,NGO,Christineton,9999999999
74,Patricia Smith,NGO,Laurafurt,9999999999
75,Nicholas Smith,Charity,Manningtown,9999999999
76,Anna Lopez,Individual,North Jenniferside,9999999999
77,Juan Spencer,Individual,North David,9999999999
78,Aaron Davis,Shelter,Marshallton,9999999999
79,Meagan Ramirez,Charity,Angelaville,9999999999
80,Eric Jackson,Individual,Knightburgh,7326023388
81,Theresa Ramirez,NGO,Port Gregoryport,9999999999
82,Laura Bennett,NGO,Evansside,9999999999
83,Julie Hines,NGO,Davidview,9999999999
84,Deanna Lewis,NGO,East Kelli,0938550061
85,Jeffery Mueller,Charity,Lake John,3024932900
86,Jessica Grant,Charity,Smithshire,9999999999
87,Tammy Walker MD,Charity,West Ronaldland,9999999999
88,Eric Ryan DDS,NGO,Lake Daniel,9999999999
89,Mr. David Lambert,Individual,Robinsonside,9999999999
90,Alvin West,Shelter,Kellybury,9999999999
91,Ashley James,Charity,Garrettborough,9999999999
92,Bridget Peterson,NGO,Greenton,9999999999
93,Allison Bray,Individual,Alexatown,9999999999
94,Timothy Patel DVM,Charity,New Jessica,9999999999
95,Anthony Green,NGO,Laurafort,9999999999
96,Michael Walls,Individual,Carterside,9999999999
97,Nathan May,Charity,South Veronicaburgh,9999999999
98,Brian Cowan,Individual,Henryhaven,9999999999
99,Nancy Silva,Individual,Russellville,9999999999
100,Melissa Little,NGO,Robertaborough,9999999999
101,Nicole Reid,Shelter,Hollytown,9999999999
102,Daniel Burton,Individual,North Matthewhaven,9999999999
103,Karen Cruz,Individual,West Justin,9999999999
104,Victor Reyes,Charity,North Joshuafort,9999999999
105,Trevor Wilson,NGO,North Pamela,9999999999
106,David Johnson,Individual,Lake Rebecca,9999999999
107,Jessica Morris,NGO,Port Elizabethton,9999999999
108,Suzanne Dawson,NGO,East Josephstad,9999999999
109,Rachel Nguyen,NGO,Theresamouth,9999999999
110,Karla Castillo,NGO,Lake Michaelton,9999999999
111,Deanna Flores,NGO,West Johnny,6692949581
112,Brady Lopez,Individual,Michaeltown,9999999999
113,Jonathan Young,Shelter,Georgeborough,9999999999
114,John Chase,NGO,Meganton,9999999999
115,Anthony Carter,Shelter,Scottmouth,9999999999
116,Mark Lee,Individual,Port Teresa,9999999999
117,Kelly Pierce,Shelter,East Heatherborough,9999999999
118,Matthew Tran,Charity,South Franciscoport,9999999999
119,Jasmine Robertson,Individual,Deanview,9999999999
120,Matthew Ramos,Shelter,Kennethberg,9999999999
121,Gavin Freeman,NGO,Ayalamouth,7826814168
122,Drew Cline,NGO,Port Patriciachester,9999999999
123,Teresa Williams,Charity,South Alexandraport,9999999999
124,Marie Andrade,Charity,Meghanfort,9999999999
125,Tammy Smith,Individual,Campbellchester,9999999999
126,Heather Brown,NGO,North Lori,9999999999
127,Hayden Hill,NGO,North Roger,1431125754
128,Sarah Carter,Charity,New Benjamin,9999999999
129,Denise Martinez,Charity,Drakeburgh,9999999999
130,Matthew Hughes,Charity,Marieview,9999999999
131,Shawn Mills,Charity,Jeffhaven,9999999999
132,Katherine Gomez,Charity,South Jasonberg,9999999999
133,Robert Johnson,NGO,West James,9999999999
134,Emily Christian,Individual,Marcusberg,9999999999
135,Jeanne Spencer,Shelter,Huntermouth,9999999999
136,Katherine Murphy,NGO,New Elaine,0675064790
137,James Jones,NGO,Bakerfort,1224216342
138,Christina Potter,NGO,Phillipsbury,9999999999
139,Charles Martin,NGO,New Christopher,9999999999
140,Kristin Scott,Shelter,North Christina,9999999999
141,Christine Gray,Individual,Dawnview,9999999999
142,Melody Good,NGO,Wilsonfort,8802732716
143,Amanda Hendricks,Shelter,Nancyshire,9999999999
144,Jennifer Nelson,Individual,North Paul,9999999999
145,David Hull,Shelter,Tanyachester,9999999999
146,John Cummings,Individual,Joshuamouth,1344646051
147,Sara Wise,NGO,New Shannonbury,9999999999
148,Robert Simon,NGO,North Amandafort,9999999999
149,Nathan Willis,NGO,Danielfort,9999999999
150,Kelly Howe,Charity,Davidmouth,9999999999
151,Lisa Eaton,Shelter,New Aimeemouth,9999999999
152,Jasmine Miranda,Individual,Caseyland,9999999999
153,Jason Holmes,Individual,Williamtown,9999999999
154,Thomas Johnson,Shelter,Lake Victoriaport,6267945876
155,Christopher Kennedy,Shelter,Patriciaton,9999999999
156,Corey Mitchell,Charity,Jacobsmouth,9999999999
157,Jason Davis,Individual,Charleston,9999999999
158,Gregory Murphy,Individual,South Ashley,9999999999
159,Angela Cortez,NGO,Lisaton,9999999999
160,Tracy Hartman,Charity,South Jill,9999999999
161,Mary Nguyen,Charity,Mcclurestad,9999999999
162,Douglas Baxter,Individual,Amandaville,9999999999
163,Jennifer Anderson,Charity,Daleshire,9999999999
164,Aaron Scott,Charity,Heatherfurt,9999999999
165,Danielle Bailey,Shelter,East Sarahtown,9999999999
166,Danielle Willis,Charity,Ginamouth,9999999999
167,Erica Fox,Charity,West Shawn,9999999999
168,Kayla Johnson,Shelter,East Timhaven,9999999999
169,Jon Stanton,Charity,Nguyenfurt,9999999999
170,Adam Browning,Charity,Port Erica,9999999999
171,Suzanne Velasquez,NGO,Joanchester,9999999999
172,Nicole Brown,Charity,Thomaston,9999999999
173,Jason Moore,NGO,West Courtneyport,9999999999
174,Matthew Johnson,Individual,Smithstad,9999999999
175,Stephanie Hoffman,Individual,New Tiffany,9999999999
176,Brendan Farley,NGO,Nicoleport,9999999999
177,Tonya Lucas,NGO,Robertsonchester,9999999999
178,Deanna Jarvis,Shelter,Port Emilymouth,9999999999
179,Adam Hodge,Charity,West Krystalview,9999999999
180,Michelle Cook,Shelter,Peterhaven,9999999999
181,Paul Evans,NGO,Smithshire,3222400397
182,Troy Miller,Charity,Seanside,8901485867
183,Nicole Walker,Individual,Thomasland,9999999999
184,Matthew Sanchez,Individual,Port Melissa,9999999999
185,Shannon Pineda,Individual,Lake Amanda,9999999999
186,John Massey,Shelter,Heathertown,4995907798
187,Amy Thomas,Shelter,Lake Erica,9999999999
188,Tina Ingram,Charity,Angelicatown,9999999999
189,Stephen Smith,Individual,Maxberg,9999999999
190,Maria Jackson,Charity,North Shelby,9999999999
191,Brent Anderson,Shelter,New Seanburgh,2254787600
192,Rhonda King,Individual,Toddborough,9999999999
193,Jesse Brown,Charity,Figueroaport,9999999999
194,Alan Campbell,NGO,Shawmouth,9999999999
195,John Martin,Charity,New Jason,9999999999
196,Tara Bauer,Charity,Port Dustin,9999999999
197,Deanna James,Shelter,East Tinamouth,9999999999
198,Scott Anderson,Individual,East Teresamouth,9999999999
199,Ashley Rivers,Individual,East Sharon,9999999999
200,Nicole Williams,NGO,East Jillian,9999999999
201,Calvin Lucas,Individual,Corybury,4177309502
202,Veronica Coleman,NGO,North Mario,9999999999
203,Vincent Matthews,Shelter,Allenmouth,0335998576
204,Rachel Thomas,Individual,North Lindachester,9999999999
205,Kimberly Wilkins,Charity,West Casey,3783162949
206,Ashley Brooks,Individual,Ramseystad,9999999999
207,Nicholas Holloway,Shelter,South Kendraville,9999999999
208,Michael Flores,Charity,Andrewmouth,9999999999
209,Gina Payne,Individual,Steveberg,9999999999
210,Tara Mcmahon,NGO,South Anna,9999999999
211,Judy Griffith,Charity,Baileyville,9999999999
212,Ronald Gonzalez,Shelter,Stevenmouth,9999999999
213,Kelly Barber,NGO,Emilymouth,9999999999
214,Corey Rodriguez,NGO,New Roseville,9999999999
215,Mr. Matthew Johnson DDS,Charity,Port Stephen,1733110659
216,Morgan Massey,Charity,West Amybury,9999999999
217,Kelsey Holloway DDS,Charity,Ashleyborough,9999999999
218,Corey Lamb,Charity,New Daniel,9999999999
219,Alex Rogers,Charity,Lake Austinmouth,9999999999
220,Cassandra Mendoza,NGO,Dantown,2612673922
221,Rebecca Goodman,Shelter,Robinsonland,9999999999
222,Stephanie Jones,Shelter,West Aaronport,9999999999
223,David Henderson,Charity,Hallside,9999999999
224,Franklin Kelley,Charity,East Jacob,2077678809
225,Joseph Bowman,NGO,West Jessica,9999999999
226,Daniel Kerr,Charity,Fergusonton,9999999999
227,Samuel Hodge,NGO,Port Maria,9999999999
228,Joanna Wilkins,Charity,Singletonview,9999999999
229,Tina Watkins,Shelter,Bushview,7774795306
230,Nathaniel Moreno,NGO,Poolestad,9999999999
231,Christopher Barrett,Charity,Port Brianville,9999999999
232,David Smith,Charity,Davidshire,9999999999
233,Alicia Porter,Charity,Port Ericmouth,9999999999
234,Keith Atkinson,Charity,Lake Julia,9999999999
235,Megan Freeman,NGO,Rogerburgh,9999999999
236,Duane Burnett,Charity,New Derek,9999999999
237,Cathy Adams,Shelter,West Josephshire,9999999999
238,Kendra Krause,NGO,Davisburgh,9999999999
239,Lindsay Garcia,NGO,North Kimberlyport,0722151225
240,Ronald Miller,Shelter,Edwardsside,0180633263
241,Elizabeth Dunn,Charity,Wilsonfurt,9999999999
242,Matthew Pearson,NGO,Garciaview,6212235497
243,Alexis Smith,NGO,West Vickie,9999999999
244,Jason Ramos,Shelter,Carolhaven,9999999999
245,Rebecca Sanchez,Shelter,New Craig,9999999999
246,Kristi Wagner,Shelter,Lake Darrellburgh,9999999999
247,John Mitchell,Charity,Aaronshire,9999999999
248,Victoria Lee,Charity,New Abigail,9999999999
249,Zachary Lewis,Charity,Lake Kelli,0318694632
250,Jamie Ferguson,Charity,Jenniferberg,9999999999
251,Sarah Hodges,NGO,Martinland,9999999999
252,Angela Dunlap,Individual,New Julian,9999999999
253,Adam Pittman,NGO,West Christiantown,9999999999
254,Felicia Wilkinson,Shelter,Williamsfort,4034230469
255,Walter Myers,Individual,New Tina,9999999999
256,Derek Wilson,Individual,Christopherland,9999999999
257,David Bryant,Shelter,South Amy,9999999999
258,Scott Grant,Individual,Port Samantha,9999999999
259,Aimee Stone,NGO,Barnesport,9999999999
260,Patricia White,Charity,Lake Jessicaborough,9999999999
261,Maria Lang,NGO,East Moniquemouth,9999999999
262,Autumn Reed,NGO,East John,9999999999
263,Ann Mcclure,Shelter,West Johnmouth,9999999999
264,Sandra Townsend DVM,NGO,West Kelly,9999999999
265,Rebecca May,Individual,Murrayview,9999999999
266,Stacy Mayo,Shelter,Bauerton,9999999999
267,Randall Robbins,Shelter,Dylanton,9999999999
268,Steven Morton Jr.,Shelter,Kellybury,9999999999
269,Mrs. Paula Jones,Individual,Emilymouth,9999999999
270,Darlene Fernandez,Shelter,Monicaton,0792874429
271,Mark Hartman,Individual,East Ashleyshire,9999999999
272,Walter Carter,Shelter,Brianchester,9999999999
273,Jonathan Soto,Charity,Autumnbury,9999999999
274,Robin Ross,Individual,East Williamborough,9999999999
275,Michael Johnson,Individual,Longmouth,9999999999
276,Scott Hunter,Individual,Greenton,9999999999
277,Austin Jones,Charity,Brandonside,9999999999
278,Jay Roberts,Shelter,West Christopher,9999999999
279,Angela Wyatt,Charity,Port Jessica,9999999999
280,Jesse Miller,Shelter,Port Samanthamouth,9999999999
281,Mrs. Kristin Adams DDS,Charity,Lake Christychester,9999999999
282,Lisa Pitts,Shelter,Lake Stephenport,9999999999
283,Edward Cook,Charity,Isaiahtown,9999999999
284,Beth Sanchez,NGO,Dustinfurt,9999999999
285,Derrick Curtis,NGO,Stephaniechester,9999999999
286,Travis Hughes,Shelter,Castilloland,9999999999
287,Jennifer Johnson,Charity,Burnettton,7970971389
288,Christopher Larsen,NGO,Susanview,9999999999
289,Nathan Reynolds,Shelter,Lake Tina,0295226591
290,Karen Brennan,Shelter,Hannahside,6935324960
291,Dawn Thompson,Charity,North Josephland,9999999999
292,Mrs. Emily Smith DVM,NGO,Shermantown,9999999999
293,Randy Roach,Charity,East Bryan,9999999999
294,Cynthia Horton,NGO,Jamesstad,9999999999
295,Joseph Williams,Individual,East Dale,9999999999
296,Pamela Santos,Shelter,Lake Michael,9999999999
297,Deanna Daniels,Individual,Aguilarstad,9999999999
298,Robert Burke,NGO,Marksmouth,9999999999
299,Michael Curtis,Shelter,Alexanderbury,9999999999
300,Jeanne Benjamin,NGO,North Alexander,9999999999
301,Kristina Simpson,NGO,Melissaport,3752453906
302,Daniel Moore,Charity,Port Richard,9999999999
303,Joseph Davis,NGO,Millerport,9999999999
304,Jennifer Ayala,NGO,Edwardshaven,9999999999
305,Brendan Vargas,NGO,Kellyville,9999999999
306,Donna Williams,Charity,Calebview,9999999999
307,Logan Becker,Charity,North Patriciamouth,9999999999
308,Robin Pena,NGO,Cynthiashire,9999999999
309,Bryan Smith,Individual,New Julia,9999999999
310,Gary Adams,Individual,New Sara,9999999999
311,Tina Jackson,Charity,Geraldchester,9999999999
312,Pamela Morales,NGO,Schaeferfort,9999999999
313,David Marsh,Shelter,North Kimberlyfort,9999999999
314,Kelsey Smith,Shelter,Haleymouth,9999999999
315,Anthony Harris,Individual,West Aaronberg,9999999999
316,Jacob Montoya,NGO,Meganmouth,9999999999
317,Martha Flores,NGO,Lake Glenview,9999999999
318,Michael Carter,Charity,Danielborough,9999999999
319,Donald Bender,Charity,Andersenfort,9999999999
320,Carmen Barker,Shelter,North Williamview,9999999999
321,Wanda Wise,Shelter,South Bethanyport,9999999999
322,Stephanie Mathews,Shelter,North Ashleymouth,9999999999
323,Linda Banks,Individual,New Sarahmouth,9999999999
324,Kristine Martin,NGO,Thompsonhaven,9999999999
325,Lawrence Owens,Individual,South Amybury,9999999999
326,Douglas Jacobs,NGO,East Gina,9999999999
327,Aaron Keller,Shelter,Melissaview,9999999999
328,Carlos Lawrence,Individual,New Justinhaven,9999999999
329,Christine Patterson,Individual,Edwardfort,9999999999
330,Kimberly Hamilton,Individual,North Bruce,9999999999
331,Shane Stein,Individual,Reidton,9999999999
332,Raymond Harris,Charity,Hammondfort,9999999999
333,Gabriel Vargas,Charity,Chaseview,9999999999
334,Gina Wu DDS,Shelter,Lake Melindaside,9999999999
335,Deborah Sexton,Shelter,Victoriastad,9999999999
336,Laura Marshall,Charity,East Lisafurt,9999999999
337,Jennifer Schmidt,Individual,South Michelleshire,9999999999
338,Patrick Zimmerman,Shelter,Thomasberg,9999999999
339,Dustin Johnson,Individual,Gomezmouth,9999999999
340,John Baxter,NGO,New William,9999999999
341,Anna Buckley,Individual,Murphyfort,9999999999
342,Kristina Vargas,Charity,Lake Rebeccaton,9999999999
343,Roberto Stanley,Shelter,Melindaview,9999999999
344,Barbara Velasquez,Charity,Priceborough,9999999999
345,Eric Ramos,Individual,Rushfurt,9999999999
346,Mr. Mark Knight DVM,Charity,East Joseph,9999999999
347,Michael Keller,Individual,New Derek,9999999999
348,Donna Hughes,Individual,Maryfort,9999999999
349,Gwendolyn Johnson,Individual,West James,9999999999
350,Sylvia Stanley,Shelter,Jenniferbury,9999999999
351,Kerry Jones,Charity,New Christopher,9999999999
352,Cody Martin,Individual,Angelamouth,9999999999
353,Mrs. Stacey Morales MD,Individual,Juliastad,9999999999
354,Kimberly Nelson,Charity,Lake Lesliemouth,9999999999
355,Brian Hoffman,Shelter,Lake Dillonborough,9999999999
356,Brian Cherry,Charity,Swansonport,9999999999
357,Jacob Orozco,Individual,West Jeffrey,9999999999
358,Brian Davis,Charity,Williamsfort,9999999999
359,Travis Walker,NGO,West Dan,9999999999
360,Tammy Boone,Shelter,New Christopher,9999999999
361,Samuel Lewis,Individual,North Nicole,9999999999
362,Elizabeth Collins,Shelter,Johnland,9999999999
363,Stephanie West,Charity,North Jamesfurt,9999999999
364,Keith Gray,Charity,New Corey,9999999999
365,Melissa Green,Shelter,South John,9999999999
366,Tony Holmes,NGO,Jaredport,9999999999
367,Ricardo Roberts,Individual,West Matthewborough,9999999999
368,Debra Murray,NGO,Duncanchester,9999999999
369,Sherry Hall,NGO,Davidmouth,9999999999
370,Tara Johns,Individual,Paulmouth,9999999999
371,William Frederick,NGO,Port Dean,9999999999
372,Harold Bowen,Charity,South Barbaraburgh,9999999999
373,Seth Esparza,Shelter,Port Brandonberg,2597616873
374,Ricky Walker,Individual,Port Johnstad,9999999999
375,Melissa Smith,Shelter,Lake Stevenburgh,9999999999
376,John Reeves,NGO,Jamieview,9999999999
377,Patrick Campbell,NGO,Leeton,7058064686
378,Brandi Buckley,Shelter,Lawrencechester,9999999999
379,Tara Graham,Shelter,Lake Cory,9999999999
380,Heather Silva,Charity,Lake Ryan,1340826530
381,Yvette Huffman,Charity,Reevestown,8398518386
382,Patricia Stevens,Shelter,Perezport,9999999999
383,Melissa Kennedy,Individual,West Tina,9999999999
384,Anthony Guerra,Charity,North Michelle,9999999999
385,William Barnes,Shelter,Kellyfurt,9999999999
386,Mary Hopkins,Individual,Tiffanyport,9999999999
387,Michael Proctor,Charity,Lisafurt,9999999999
388,Nicole Mueller,Charity,Rachelberg,9999999999
389,Kelly Buchanan,Charity,Lake Jonathanchester,9999999999
390,Victor Crawford,NGO,New Brandonton,9999999999
391,Regina Munoz,NGO,Lake Clinton,9999999999
392,Tracy Douglas,NGO,Gordonstad,9999999999
393,Dana Simmons,Shelter,West Jorge,9999999999
394,Kyle Kerr,Charity,Sarahville,9999999999
395,Joseph Davis,Charity,Sherryhaven,9999999999
396,Allison Martinez,NGO,New Amy,9999999999
397,Mr. Robert Rivera II,Individual,Bergerport,9999999999
398,Alex White,Charity,Port Carmen,9999999999
399,Jennifer Hughes,Charity,West Donnaton,9999999999
400,John Byrd,Shelter,West Randall,9999999999
401,Leslie Acevedo,Charity,Lake Matthew,9999999999
402,Nicholas Mosley MD,Individual,North Manuel,9999999999
403,John Collins,Shelter,New Deborahville,9999999999
404,Marissa Fischer,Shelter,New Kevin,9999999999
405,David Evans,Shelter,Chambersmouth,9999999999
406,Ashley Martinez,NGO,Lake Crystal,9999999999
407,Arthur Thomas,Charity,Clarkhaven,9999999999
408,Jennifer Mccoy,Individual,Morganville,9999999999
409,Matthew Simmons PhD,Shelter,Brandonhaven,9999999999
410,Betty Reid,Charity,North Abigail,9999999999
411,Eric Kaiser,Shelter,West Mikayla,9999999999
412,David Carney,NGO,Port Dianemouth,9999999999
413,Dennis Schultz,NGO,New Natalieland,9999999999
414,Dr. Matthew Hughes DDS,NGO,Christopherchester,9999999999
415,Kevin Blair,Individual,Lake Laurenburgh,9999999999
416,Ernest Cox,Shelter,Christinaland,9999999999
417,Justin Santos,NGO,Rayfurt,9999999999
418,Miss Mary Turner,Charity,North Holly,9999999999
419,Teresa Jackson,Shelter,Port Thomasstad,9999999999
420,Susan Green,Charity,Josephborough,9999999999
421,Jonathan Copeland,Shelter,Jonathanview,9999999999
422,Tina Bean,Charity,South Tyler,9999999999
423,Christine Bell,Individual,South Edwardburgh,9999999999
424,Pamela Harris,Charity,Lewisfort,9999999999
425,Robert Chavez,NGO,Chadport,9999999999
426,Jose Rivas,Shelter,Rosaleschester,9999999999
427,Toni Johnson,NGO,Lake Steven,9999999999
428,Elizabeth Galvan,NGO,Lake Karen,9999999999
429,Daniel Williams,Shelter,Russellburgh,2886093038
430,April Johnson,NGO,Pagemouth,9999999999
431,Mr. Gregory Thompson,Charity,East Douglas,9999999999
432,Julie Brown,NGO,East Melissaport,9999999999
433,Michael Dunn,Individual,Lake Kyleside,9999999999
434,Jason Alvarez,NGO,South Connorview,9999999999
435,Whitney Evans,Shelter,Martinezside,9999999999
436,Jacqueline Turner,NGO,Robertsport,9999999999
437,Lindsey Lewis,Shelter,West Rogerview,9999999999
438,Jane Davis,Individual,Lake Joshuaville,9999999999
439,Erika Lopez,Shelter,North Margarethaven,9999999999
440,Alexander Walsh,Individual,Troyshire,9999999999
441,Cynthia Johnson,Charity,West Cherylland,9999999999
442,Natasha Harper,NGO,Port Sara,9999999999
443,Brittany Anderson,Individual,Port Michaelmouth,9999999999
444,Michael Simmons,Individual,Coreymouth,9999999999
445,Christopher Williams,NGO,North Kathryn,9999999999
446,Eric Mays,NGO,Port Deborahbury,9999999999
447,Erika West,Individual,Mikemouth,9999999999
448,Nicholas Harrison,Shelter,New Timothymouth,0155752106
449,Mrs. Valerie Hartman,NGO,Port Jenniferborough,1271218776
450,Russell Smith,Charity,New Rebecca,9999999999
451,Marcus Gregory,Shelter,Hollyside,9999999999
452,Tina Banks,Charity,Port Judith,9999999999
453,Kristen Alvarado,NGO,Davidport,9999999999
454,Steven Griffin,NGO,Cruzborough,9999999999
455,Jennifer Kennedy,Individual,Port Deborah,9581893095
456,Rodney Perkins,Charity,Lake Christina,2914238876
457,Ryan Cole,Charity,Sandratown,9999999999
458,Michael Vargas,Charity,East Andrewhaven,9999999999
459,Brandon Riley,NGO,Powerston,9999999999
460,Karen Stafford,Shelter,West Justinberg,9999999999
461,Tonya Lewis,NGO,Edwardport,9693197491
462,Timothy Martin,Charity,Lake Adriennechester,0686804383
463,Frank Jackson,Charity,North Jeffreychester,9999999999
464,Richard Parsons,Shelter,Bushbury,9999999999
465,Makayla Davis,Shelter,Chrisport,9999999999
466,Christine Ashley,Individual,South William,9999999999
467,Nathan Gonzales,Charity,East Daniel,9999999999
468,David Castro,Shelter,Heatherhaven,9999999999
469,Steven Martinez,Individual,Johnsonberg,9999999999
470,Edwin Osborne,NGO,North Robinville,9999999999
471,David Fuentes,NGO,North Kimberlyland,9999999999
472,Brian Hill,Charity,Port Dominique,9999999999
473,Justin Powell,Shelter,Port Sarah,9999999999
474,Christine Lawrence,Charity,Bobbyfort,9999999999
475,Kim Gamble,Individual,East Ginafort,9999999999
476,Jennifer Baker,Shelter,Castilloshire,9999999999
477,Jorge Young,Shelter,Lake Rebeccaton,9999999999
478,Benjamin Wilson,NGO,West Aliciaburgh,9999999999
479,Karen Reeves MD,NGO,Lake Mitchellbury,9999999999
480,Michael Roberson,NGO,South Davidstad,9999999999
481,Heather Brown,Shelter,New Michaelport,9999999999
482,Timothy Garrett,NGO,Andersonview,9075323328
483,Emily Sandoval,Charity,Port Gregory,9999999999
484,Mary Harrington,Shelter,Port Jason,9999999999
485,Debbie Cox,Charity,Christopherchester,9999999999
486,Ronald Brown,Shelter,New Dustin,9999999999
487,Micheal Peterson,NGO,West Jeffreyfurt,9999999999
488,Patrick Jenkins,Charity,West Richard,9999999999
489,Erin Foster,Charity,Jessicatown,9999999999
490,Tiffany Smith,NGO,Port Brandon,9999999999
491,Molly Edwards,Charity,Rodriguezborough,3469124779
492,Julie Lewis,NGO,South Steven,9999999999
493,Chelsea Powell,Charity,Lake Rachelburgh,9999999999
494,Timothy Chavez,Individual,Brooksmouth,9999999999
495,Andrea Meyer,Individual,Christophertown,9999999999
496,Kristina Park,Charity,Langburgh,9999999999
497,Miss Jamie Gonzalez DDS,Charity,Proctorville,9999999999
498,Dennis Ford,Charity,Port Derekland,9999999999
499,Ricky Harmon,Individual,Port Chaseport,9999999999
500,Richard Patterson,Charity,Huynhmouth,1091960030
501,William Davila,Individual,Gilbertborough,9999999999
502,Carly Austin,Charity,Connerland,9999999999
503,Eileen Scott,Charity,Lewismouth,9999999999
504,Michael Williams,Shelter,Matthewhaven,9999999999
505,Alexandra Owens,NGO,Bradleyland,9999999999
506,Mrs. Kim Blackwell,NGO,Port Margaretport,9999999999
507,Destiny Maldonado,Charity,Carlosfurt,9999999999
508,Kimberly Wilson,Individual,Susanville,9903662975
509,Drew Edwards,Charity,Huffmouth,9999999999
510,Jeremy Christensen,Individual,Ashleyborough,9999999999
511,Kimberly Cox,NGO,Lake Gloria,9999999999
512,Anne Stone,Shelter,Pittsville,9999999999
513,Dr. Ryan Gilbert,Individual,Sarahaven,9999999999
514,Ashley Bell,Shelter,Olsonland,9999999999
515,Misty Downs,NGO,Robertview,9999999999
516,Gary Myers,Shelter,Turnerhaven,9999999999
517,Taylor Wolfe,Individual,New Travisland,9999999999
518,Katrina Smith,NGO,Stephanieberg,9999999999
519,Elizabeth Salazar,Shelter,Paynestad,9999999999
520,Alexandra Jones,NGO,Lisaborough,9999999999
521,David Robinson,NGO,Carolinebury,9999999999
522,Veronica Robinson,NGO,East Cynthiahaven,9999999999
523,William Fox,NGO,Port Angelafurt,9999999999
524,Tiffany Rodriguez,Charity,Ramirezhaven,9999999999
525,Michael Dixon,Charity,Rebeccaview,9999999999
526,Brian Morales,NGO,Darinland,9999999999
527,Kelli Fuentes,NGO,East Peter,9999999999
528,Alexander Dean,Charity,New Robert,9999999999
529,Amy Perez,Charity,West Jacquelineland,9999999999
530,Lindsay Yates,Individual,Diazshire,9999999999
531,Alexandra Rogers,Charity,Paulaburgh,9999999999
532,David Sellers DVM,Individual,South Michaelfurt,9999999999
533,Joseph Knapp,Shelter,New Michael,9999999999
534,Megan Miller,Individual,Anthonyport,9999999999
535,Jane Avila,Shelter,Christinahaven,0329872893
536,Margaret Lloyd,Shelter,Phillipston,9999999999
537,Earl Eaton,Shelter,Port Michaelport,0764237778
538,Ronald Norton,Individual,Carterton,9999999999
539,Jessica Lee,NGO,Vasquezberg,9999999999
540,Cristina Curtis,Individual,East Davidbury,9999999999
541,Amy Brown,NGO,Shelbyland,9999999999
542,Savannah Neal,Individual,Ashleeside,9999999999
543,Brenda Green,Charity,Jacobmouth,9999999999
544,Matthew Wright,NGO,Port Traci,9999999999
545,Peter Allen,Individual,Port Kristinechester,9999999999
546,Meagan Hughes,Charity,Lake Lance,9999999999
547,James Kennedy,Charity,South Donaldshire,9999999999
548,Gary Andrews,NGO,Gonzalezstad,9999999999
549,Trevor Lam,NGO,New Alexismouth,9999999999
550,Shawn Gibson,Individual,South Eric,9999999999
551,Kyle Vega,Shelter,West Alexandra,9999999999
552,Jeremiah Jones,NGO,Shaneport,9999999999
553,Scott Proctor,Shelter,Adamland,9999999999
554,Margaret Mccullough,Charity,Ortizmouth,9999999999
555,Mary Lewis,Individual,Port Richard,9999999999
556,James Wolfe,NGO,Woodsfurt,9999999999
557,Andrea Mcdaniel,NGO,Kingville,9999999999
558,Samantha Salinas,Charity,Rayberg,9999999999
559,Randy Martinez,Shelter,Brownville,9999999999
560,Matthew Mendez,Shelter,South Meganland,9999999999
561,Andrea Morris,NGO,Hallton,9999999999
562,Antonio Murphy,NGO,West Kevin,9999999999
563,Brandon Johnson,Charity,Randyville,9999999999
564,Justin Smith,Individual,Pottertown,9999999999
565,Brian Blankenship,Charity,East Jordanborough,9999999999
566,Michael Lewis,Individual,East Kimberlymouth,9999999999
567,Peggy Knight,Shelter,North Michaelville,9999999999
568,Melissa Mclaughlin,Charity,Roberttown,9999999999
569,Danny Randolph,Shelter,South Yolanda,9999999999
570,Anthony Cochran,Individual,Port Todd,9999999999
571,Lydia Phillips,Shelter,North Hollyland,9999999999
572,Diana Blair,Shelter,Murrayside,9999999999
573,William Clark,Shelter,Port Courtneyland,4689527647
574,Mr. William Hunt,Shelter,Barreratown,9999999999
575,Jennifer Davila,Shelter,Hollandburgh,9999999999
576,Justin Lopez,Individual,East Stephenton,9999999999
577,Thomas Burch,Charity,North Lori,3908825868
578,Larry Bradshaw,NGO,Lake Cody,9999999999
579,Nancy Guerrero,Individual,South Elizabeth,9999999999
580,Yesenia Solomon,Charity,Port Paulaton,7765870514
581,April Mcintosh,Charity,North Sherribury,9999999999
582,Douglas Cook,Shelter,Hunterbury,9999999999
583,Sean Henderson,NGO,Lake Gregory,9999999999
584,Austin Vance,Shelter,Whiteside,9999999999
585,Mark Lewis,NGO,Lisaview,9999999999
586,Amy Barker,Shelter,North Nathanville,9999999999
587,Jennifer Clark,NGO,Spencermouth,9999999999
588,Laurie Alvarez,Shelter,North Raymond,9999999999
589,Nicole Williams,NGO,West Richard,9999999999
590,Terry Fernandez,Shelter,Mooreburgh,9999999999
591,Susan Clark,NGO,Beckville,9999999999
592,Michael Pennington,Charity,South Gabrielmouth,9999999999
593,Douglas Mann MD,NGO,North Lisaburgh,3180399487
594,Sheri Johnson,Shelter,North Christopher,9999999999
595,Courtney Whitney,Individual,West Mariashire,9999999999
596,Natalie Navarro,Shelter,West Carrieberg,9999999999
597,Willie Nichols,Charity,Jonesland,9999999999
598,Alexa Guerra,NGO,Ariasbury,7691923865
599,Christopher Davis,NGO,South Yvettestad,9999999999
600,Bruce Alexander,Individual,New Tammyhaven,9999999999
601,Peter Gonzalez,Shelter,Biancaton,9999999999
602,Paul Carter,Individual,Kinghaven,9999999999
603,Christina Caldwell,Shelter,New Christopherburgh,9999999999
604,Ashley Hall,Individual,Butlerborough,9999999999
605,Tara Johnson,NGO,East Nathan,9017973598
606,Jenna Bowen,Shelter,Nicoleside,9999999999
607,Sean Wolf,NGO,Mcfarlandhaven,9999999999
608,Oscar Bauer,Charity,South Nicoleberg,9999999999
609,Brian Riddle,Shelter,Jenniferbury,1493189525
610,Jimmy Morton,Charity,New Carrie,9999999999
611,Jeff Rivas,Charity,Mcdanielmouth,9999999999
612,Meredith Griffin,NGO,Patriciamouth,9999999999
613,Renee Campbell,Shelter,North Tiffanyfort,9999999999
614,Peggy Parker,Shelter,South Waynefurt,9999999999
615,Rachel Carson,NGO,Robertside,9999999999
616,Christopher Wright,Shelter,New Kellytown,9999999999
617,Justin Lee,Individual,Shelleyburgh,9999999999
618,Samuel Mendez,Individual,Andersonland,9999999999
619,Taylor Estrada,NGO,Nguyenview,9999999999
620,Cassandra Foster,Individual,West Danielview,9999999999
621,David Jordan,Individual,Mendozabury,9999999999
622,Gary Torres,Charity,Kimberlyview,9999999999
623,Phillip Rogers,Individual,Keithstad,9999999999
624,Alvin Day Jr.,NGO,East Heatherbury,9999999999
625,Paul Lee,NGO,Stephenchester,9999999999
626,Theresa Gonzalez,Charity,Port David,9999999999
627,Beth Chavez,Shelter,East Nicole,9999999999
628,James Gardner,NGO,Morenoborough,9999999999
629,Andrea Hansen,NGO,Lake Mary,9999999999
630,Sarah Ochoa,Charity,Vancebury,9182551669
631,Diana Fisher,Shelter,New Daryl,9999999999
632,Austin Smith,NGO,North Marcusbury,9999999999
633,Jay Higgins,NGO,Perezhaven,9999999999
634,Jessica Watkins,Charity,Robertton,9999999999
635,Lisa Marshall,Charity,Johnville,9999999999
636,Devon Burton,Charity,Blakehaven,9999999999
637,Benjamin Soto,NGO,West Garretthaven,8693958395
638,Timothy Browning,Charity,Moralesfort,9999999999
639,Jeffrey Vaughan,Charity,Cameronfurt,9999999999
640,Joseph Smith,NGO,Anthonystad,9999999999
641,Robert Jones,Shelter,East Antoniobury,9999999999
642,Sarah Rose,NGO,New Ryanmouth,9999999999
643,Mary Morrow,NGO,Melaniehaven,9999999999
644,Deanna Brown DDS,Individual,Fowlerburgh,9999999999
645,Steven Armstrong,NGO,Robertfurt,2161559564
646,Maria Lee,Individual,West Juanchester,9999999999
647,Christine Davis,Charity,Josephton,9999999999
648,Heather Stewart,NGO,South Lucasview,9999999999
649,Cory Schmidt MD,Individual,Johnsonville,9999999999
650,Nicholas Peterson,NGO,West Troyview,9999999999
651,Rebecca Mcbride,Charity,Port Timothymouth,9999999999
652,Sandy Ward,Shelter,North Michael,9999999999
653,Jason Garcia,Shelter,Port Mariemouth,9999999999
654,John Murray,Shelter,Fernandezberg,9999999999
655,Lauren Golden,NGO,Michealstad,9999999999
656,Christopher Clark,NGO,Port Peggyshire,9999999999
657,Patricia Salas,Individual,Port Maryshire,9999999999
658,Frank Olson,Shelter,South Anthonyside,9999999999
659,Elizabeth Stewart,NGO,Kempstad,9999999999
660,James Hernandez II,Charity,Kenthaven,9999999999
661,Robert White,Charity,Petersonmouth,9999999999
662,Gabriel Harris,Individual,Port Shannonhaven,9999999999
663,Michael English,NGO,Lake Daniel,9999999999
664,Joseph Nelson,Individual,Phillipston,7800327079
665,Felicia Collier,NGO,Toddstad,9999999999
666,Meredith Hull,NGO,Markfurt,9999999999
667,Christine Beasley,Individual,Jensenland,9999999999
668,Maria Singh,NGO,Brandonhaven,9999999999
669,Karen Cox,Charity,Davidland,9999999999
670,Amber Hobbs,NGO,Rogersfort,9999999999
671,Cindy Green PhD,NGO,Sharpfurt,6744184457
672,Janice Thornton,Charity,Allenmouth,9999999999
673,Shelly Castillo,Charity,Chenview,9999999999
674,Stephen Harris,Charity,Port Seanshire,9999999999
675,Robert Day,NGO,Goodmanfort,9999999999
676,John Williams,Charity,Brooksborough,9999999999
677,Joshua Rush,Charity,New Mark,9999999999
678,Joseph Johnson,NGO,South Jasminechester,9999999999
679,Alexis Rodriguez,Shelter,South Shirleymouth,9999999999
680,James Lewis,NGO,Richardton,9999999999
681,Becky Hernandez,Shelter,Jeanshire,9999999999
682,Paige Lewis,Shelter,Karenfort,9999999999
683,Mark Williams,NGO,Taylorport,9999999999
684,Kiara Martinez,Individual,Ellisborough,9999999999
685,Angela Knight,Individual,Port Joshua,9999999999
686,Spencer Roberts,Charity,East Sheenahaven,9999999999
687,Danny Palmer,NGO,North Erikhaven,9999999999
688,Jeffrey Turner,Charity,East Tiffanyview,9999999999
689,Michael Murphy,NGO,Lake Sheilaland,9999999999
690,Jeffrey Knight,Individual,Wardshire,9999999999
691,Brittany Williams,Individual,Christinehaven,9999999999
692,Christopher Stokes,Individual,Joshuahaven,9999999999
693,Carl Brewer,Individual,Nelsonbury,9999999999
694,Rachel Arnold,Shelter,New James,9999999999
695,Janet Newton,Individual,West Amandaport,9999999999
696,Kellie Hart,Charity,Changview,9999999999
697,Laura Leach,Charity,Davidtown,5465940771
698,Dawn Rodriguez MD,Charity,New Shauntown,9999999999
699,Sabrina Johnson,Charity,East Emily,9999999999
700,Kimberly Duncan,Shelter,West Monica,9999999999
701,Amber Arellano,NGO,South Marymouth,9999999999
702,Rebecca Chan,Charity,West Brittany,9999999999
703,Mr. Jonathan Williams,Individual,Bruceburgh,9999999999
704,Jason Lowe,NGO,Sarahside,9999999999
705,Christopher Sellers,Charity,East Nathanstad,9999999999
706,Shannon Jensen,Shelter,Lake Kevinport,9999999999
707,Jason Martin,Charity,New Frederickfort,9999999999
708,Jacob Mendez,Individual,South Jason,9999999999
709,Matthew Sanchez,Individual,New Stephanie,9999999999
710,Eric Carrillo,Shelter,Nicholsonland,9999999999
711,Mark Carroll,Shelter,Lovestad,9999999999
712,Laura Graham,NGO,Mercerport,9999999999
713,Robert Moses,Shelter,Port Terry,9999999999
714,Adam Phelps,Individual,North Amanda,9999999999
715,Tyler Christensen,Charity,Lake Douglas,9999999999
716,Angela Gregory,Individual,Lake Tracytown,9999999999
717,Jonathon Gregory,Individual,Shortfort,9999999999
718,Matthew Brown,Individual,Port Amberfurt,9999999999
719,Brian Oneill,NGO,East Stephaniefort,9999999999
720,Jeremiah Terry,Individual,Nicoleberg,9999999999
721,Ashley Ramirez,Charity,Heatherburgh,9999999999
722,Deanna Owens,NGO,South Mark,9999999999
723,Lisa Kim,Individual,New Brandyhaven,9999999999
724,Randall Ford,Shelter,East Tasha,9999999999
725,Edward Lopez,NGO,New Matthewton,9999999999
726,Tammy Brown,Shelter,Victorton,9999999999
727,Troy Jimenez,Shelter,Port Marc,9999999999
728,Dustin Stark,Charity,Kimberlymouth,9999999999
729,David Spence,Charity,Port Curtisside,9999999999
730,Felicia Glover,Shelter,East Michael,9999999999
731,Jacob Scott,Charity,South Jenniferburgh,9999999999
732,Jessica Shields,Shelter,South Richard,9999999999
733,David Fox,Individual,Longmouth,9999999999
734,Amanda Buchanan,NGO,Perryton,9999999999
735,Kyle Scott,Individual,Reedview,9999999999
736,Damon Schmidt,Charity,Cummingschester,9999999999
737,James Brown,Shelter,Lake Catherine,9999999999
738,Matthew Morgan,Charity,Robertton,9999999999
739,Nancy Jones,Shelter,West Bradley,9999999999
740,Denise Lucas,Charity,East Jamesmouth,9999999999
741,Amber Burnett,Charity,Garciashire,9999999999
742,Matthew Webb,Charity,West David,9999999999
743,Nicholas Tucker,Charity,Port Samantha,9999999999
744,Matthew Deleon,Individual,Danielsview,9999999999
745,Jose Vance,NGO,Lake Heatherberg,9999999999
746,Kenneth Barnes,NGO,South Lindsay,9999999999
747,Vanessa Johnson,Shelter,Wilsonshire,9999999999
748,Bridget Williams,Charity,South Williamview,9999999999
749,Michael Craig,Individual,Moralesburgh,9999999999
750,Levi Lucas,Charity,North Vanessamouth,9999999999
751,Travis Johnson,Shelter,South Edward,9999999999
752,Cassidy Alvarado,Individual,Leahchester,9999999999
753,Samantha Potter,Charity,Aguilarbury,9999999999
754,Michael Ford,Individual,New Sean,9999999999
755,Eugene Beltran,Shelter,South Samanthaburgh,9999999999
756,Emma Anderson,NGO,Lake Michelle,9999999999
757,Christopher Garcia,Charity,North Danielchester,9999999999
758,Jennifer Lucero,NGO,South Theresaberg,9999999999
759,Kathleen Watkins,Shelter,Hardyberg,9999999999
760,Gina Blankenship,Shelter,Brittanyborough,9999999999
761,Douglas Roberts,Shelter,Deanstad,9999999999
762,Donna Chang,NGO,East Stevenborough,9564962501
763,Karen Williamson,Shelter,Sandovalmouth,9999999999
764,Krista Williams,Shelter,Oliverberg,4814373776
765,Joshua Hooper,Shelter,Buchananton,9999999999
766,John Reynolds,Shelter,Grahambury,9999999999
767,Jordan Hart,Shelter,East Julietown,9999999999
768,Mary Wilson,Charity,Lake Kimberlyton,9999999999
769,John Warner,Shelter,Cookhaven,9999999999
770,Jacob Gibbs,Charity,New Jesus,9999999999
771,Emily Gallagher,Individual,Wagnerburgh,4916631678
772,Cassandra Yoder,Charity,Danielfurt,9999999999
773,Hunter Richards,NGO,West Victoriaberg,9999999999
774,Tracy Bass,NGO,South Jessicaburgh,9999999999
775,Thomas Nelson,Charity,Donnamouth,9999999999
776,James Thompson,Shelter,Ronaldmouth,9999999999
777,Julie Dickerson,Shelter,Diazbury,9999999999
778,Kristie Townsend,Shelter,Melissaberg,9999999999
779,James Turner,NGO,North Mallorystad,9999999999
780,Jacqueline Johnson,Shelter,Jeffreyland,9999999999
781,Jason Taylor,NGO,Reginaburgh,9999999999
782,Timothy Burns,Charity,East Janetstad,9999999999
783,Monica Phillips,Charity,New Phillipfurt,9999999999
784,Jill Harris,Shelter,Josephfurt,9999999999
785,Melissa Lee,Charity,Brownport,9999999999
786,Robert Kim,Shelter,Port Gabrielleborough,9999999999
787,Rachel Rios,NGO,Sarahaven,9999999999
788,Beth Phillips,NGO,Zacharyview,9999999999
789,Laura Robertson,NGO,Hansonfurt,9999999999
790,Stephanie Smith,Charity,West Carrieport,9999999999
791,David Kennedy,Charity,Port Caleb,9999999999
792,Tamara Frey,Shelter,Deanfort,9999999999
793,Renee Anderson,Charity,Princehaven,9999999999
794,Lee Nunez,Individual,Andersonfort,9999999999
795,Caitlin Cobb,Charity,North Andresport,9999999999
796,Lisa Carroll,NGO,South Jamesfort,9999999999
797,Robert Becker,Charity,Danielland,9999999999
798,James Estrada,Individual,Westport,9999999999
799,Adam Moore,Charity,East Josephview,9999999999
800,Anthony Garcia,Individual,Brownbury,9999999999
801,Samantha Simpson,Shelter,West Meganmouth,9999999999
802,Lisa Cruz,Charity,Stevenmouth,9999999999
803,Joseph Stafford,Shelter,Lake Lindseystad,8127825617
804,Elizabeth Cochran,NGO,Theresabury,7711350025
805,Sharon Martin,Individual,South Michelleport,9999999999
806,James Miller,NGO,Lisabury,9999999999
807,Taylor Miller,NGO,Josephside,9999999999
808,Pamela Finley,Individual,Harrisfurt,9999999999
809,Karen Cain,Individual,East Daisybury,9999999999
810,Cody Meyer,NGO,Westshire,9999999999
811,Scott Schroeder,Shelter,Markfurt,9999999999
812,Sabrina Klein MD,Individual,Shawhaven,9999999999
813,Amber Hale,Individual,Comptonside,9999999999
814,Michael Petersen,NGO,Maryside,9999999999
815,James Miller,NGO,North Dawn,9999999999
816,Jeremiah Hampton,Charity,South Sheryl,9999999999
817,Victoria Torres,Charity,Martinchester,9999999999
818,Danielle Hayes,NGO,Andreaberg,1310927379
819,Christina Lambert,Shelter,Delgadofort,9999999999
820,Patrick Velasquez,Individual,West Jacob,9999999999
821,Jeffrey Wilson,Charity,Davisport,9999999999
822,Aaron Malone,Shelter,East Mark,9999999999
823,James Rose,Shelter,East Amandaberg,9999999999
824,Madison Myers,Shelter,Cruzland,9999999999
825,Charles Morris,Charity,New Olivia,9999999999
826,Mr. Steven Reeves MD,Individual,West Jacquelinefort,9999999999
827,John Simmons,NGO,North Tanner,9999999999
828,Jason Mcpherson,Shelter,Michaelside,9999999999
829,Mr. Brian Fox,Charity,Scottbury,9999999999
830,Jeffrey Cooper,Shelter,Lake Christian,9999999999
831,Samantha Ellison,Individual,New Kimberly,9999999999
832,Kylie Young,Shelter,Ginaview,9131186244
833,Kelly Pierce,Shelter,West Josephland,9999999999
834,Renee Flynn,Individual,South Mark,9999999999
835,Jennifer Wright,Shelter,Lauratown,9999999999
836,Scott Craig,Shelter,South Lisa,9999999999
837,Michelle Reed,Shelter,West John,1072168815
838,Jessica Stephens,Charity,West Michaelton,9999999999
839,Michael Cox,NGO,North Kelly,9999999999
840,Mary Anderson,Shelter,South Mirandamouth,9999999999
841,Brian Reed,NGO,Amandaburgh,9999999999
842,Robert Stewart,Shelter,New Laura,9999999999
843,Glenn Anthony,Charity,Halltown,9999999999
844,Andrew Gray,Individual,Lake Dustin,9999999999
845,Adam Horton,NGO,Ramosberg,9999999999
846,Charles Aguilar,NGO,Johnsonchester,9999999999
847,Wesley Myers,Shelter,Meganburgh,9999999999
848,Terrence Wagner,Individual,Taraside,9999999999
849,Kyle Johnson,Shelter,Ellisshire,9999999999
850,Kristopher Mendoza,Individual,Bradfurt,9999999999
851,Christina Brown,NGO,Wyattton,9999999999
852,Jo Martinez,Charity,Port Williamtown,9999999999
853,Tanya Lowe,Charity,Crawfordchester,9999999999
854,Christopher Diaz,Individual,Lorifurt,9999999999
855,Robert Abbott,NGO,Collierburgh,9999999999
856,Amanda Brown,Individual,New Larryshire,9999999999
857,Jennifer Taylor,Individual,Lake Kaylamouth,9999999999
858,Ashley Harris,Individual,Lake Stephenchester,9999999999
859,Dana Williams,Charity,Cookstad,5259995693
860,James Knight,Charity,Kirkfort,9999999999
861,Ashley Clark,NGO,Poolebury,9999999999
862,Justin Martinez,Individual,New Erikamouth,9999999999
863,Jessica Camacho,Individual,Billyland,9999999999
864,Justin Anderson,NGO,South Craigborough,9999999999
865,Katherine Houston,Individual,Lake Joshuabury,9999999999
866,Jose Cooper,Shelter,Pooleside,9999999999
867,Tara Williams,Individual,New Dakotahaven,7246108348
868,Kayla Erickson,Shelter,West Lindseyside,9999999999
869,David Mendoza,Charity,North Shawnastad,9999999999
870,Joshua Mendoza,Charity,North Amy,9999999999
871,Veronica Adams,Individual,Natalieside,3857123680
872,Lori Peters,Individual,Annaborough,9999999999
873,Darius Reid,Charity,Port Philipmouth,9999999999
874,Danny Brown,Individual,East Shirley,9999999999
875,Scott Smith,Individual,New Donnahaven,9999999999
876,Jeremy Robinson,NGO,Jamesview,9999999999
877,Jeffrey Stafford,Shelter,North Nicholasborough,9999999999
878,Cory Johnson,NGO,Port Robertmouth,9999999999
879,Bridget Hill,Charity,South Emily,9999999999
880,Kristen Foster,Shelter,North Ricardo,9999999999
881,Alan Riley,NGO,Tylermouth,9999999999
882,Steven Shaffer,Shelter,Rodneyport,9999999999
883,Aaron Rios,NGO,New Jeffreyhaven,9999999999
884,Mary Evans,Shelter,North Josephmouth,9999999999
885,James Hardin,Individual,East Robert,9999999999
886,Amber Cruz,Shelter,Allenborough,9999999999
887,Jean Woods,Shelter,Fernandezchester,9999999999
888,Matthew Davis,Charity,Birdview,1367475533
889,Holly Aguilar,NGO,West Sara,9999999999
890,Joseph Whitaker,NGO,Jamesborough,9999999999
891,Thomas Myers,Shelter,North Haleyhaven,9999999999
892,Brian Hardy,NGO,Lake Williamhaven,9999999999
893,Carrie Hess,Charity,Jarvisshire,9999999999
894,Tammy Fletcher,Charity,New Adrian,9999999999
895,Ms. Deborah Campos,Individual,West Barry,9999999999
896,Jennifer Smith,Shelter,Josephton,9999999999
897,Shelby Rice,Shelter,New Loriberg,9999999999
898,Emily Ramos,Shelter,East Michaelview,9999999999
899,Rachel Pena,NGO,Grossport,9999999999
900,Hannah Reynolds,Charity,East Kevinberg,9999999999
901,Donald Caldwell,Shelter,Dawsonberg,9999999999
902,Michelle Riley,NGO,New Juliaton,9999999999
903,Cindy Robinson DDS,Shelter,Franklinview,4186239588
904,Amanda Kline,Shelter,East Travis,9999999999
905,Ann Odonnell,Charity,East Michael,9999999999
906,Christopher Gonzalez,Shelter,Payneland,9999999999
907,Jamie Jenkins,NGO,New Melanie,9999999999
908,Abigail Crawford,NGO,Lake Shawn,9999999999
909,Matthew Cordova,NGO,Rubioborough,9999999999
910,Tina Donaldson,Shelter,Lake Brandibury,9999999999
911,Devon Martinez,Individual,Jessicaland,9999999999
912,Katelyn Proctor,Charity,Williamsborough,9999999999
913,Jeffrey Jones,NGO,Kennethmouth,2972292136
914,Jeffrey Walker,Individual,Woodardview,0284721603
915,Deborah Garza,Shelter,South Alanville,9999999999
916,Lindsey Mathis,Shelter,Ianland,9999999999
917,Michael Townsend,Shelter,East Kevin,9999999999
918,Katrina Cruz,Charity,Jenkinsfurt,9999999999
919,Sarah Brown,Shelter,North Christina,9999999999
920,Gregory Rodriguez,Charity,West Davidview,9999999999
921,Kelly Walls,Individual,Lake Victoriaton,9999999999
922,Savannah Holland,Individual,Kelleystad,4876887575
923,Victor Diaz,Shelter,Darinview,9999999999
924,Sarah Roberts,Shelter,North Janetland,9999999999
925,Cassidy Davis,Individual,West Donaldmouth,9999999999
926,Kimberly Ware,Individual,East Sheriton,9999999999
927,Mary Escobar,Individual,Gloriaview,9999999999
928,Barbara Richards,Charity,Carlostown,9999999999
929,Donna Terry,Charity,Mathistown,9999999999
930,Joseph Smith,Shelter,Dunnbury,9999999999
931,Rhonda Lewis,Individual,South Michael,9999999999
932,Justin Stevens,Charity,South Mary,9999999999
933,Jodi Lee,NGO,West Paulfort,3517962649
934,Dr. Wendy Terrell,Charity,Erikashire,9999999999
935,John Harris,NGO,Riverafort,9999999999
936,Jacob Horton,NGO,Port Douglasland,9999999999
937,Mark Ward,NGO,Port Jonathanton,0384311430
938,Matthew Thornton,NGO,Hayesfort,1084069823
939,Chad Vaughn,Charity,Lake Brandonborough,9999999999
940,Lynn Lucas,Charity,Elizabethberg,9999999999
941,Jessica Boyd,NGO,South Heather,9999999999
942,Earl Hess,Charity,Rodneyborough,9999999999
943,Rebecca Lucas,Charity,New Jessicabury,9999999999
944,Sharon Wood,Charity,New Melindashire,5282176863
945,Alex Leon,Individual,Caitlynhaven,9999999999
946,Taylor Mann,Charity,North Lawrence,9999999999
947,Debra Webster,Charity,East Debramouth,9999999999
948,Thomas Castaneda,NGO,West Ashleymouth,9999999999
949,Allison Pennington,Individual,North Lydiaberg,9999999999
950,Caitlin Bennett,NGO,Delacruzborough,9999999999
951,Brittany Mcclain,Individual,Robertville,9999999999
952,Sarah Morgan,Charity,Gilbertfurt,9999999999
953,Tina Anderson,Charity,Port Jonathanhaven,9999999999
954,Mark Russell,NGO,Nathanstad,9999999999
955,Christopher Wong,Charity,Jacquelineshire,9999999999
956,Jacqueline Fernandez,Charity,Kennethside,9999999999
957,Angela Hall,Charity,Greenville,2576243615
958,Scott Brown,Individual,Oneillland,9999999999
959,Samantha Gomez,Charity,Suzanneton,9999999999
960,Jason Hughes,Shelter,Myerstown,9999999999
961,Tyler Gray,NGO,West Dustinberg,9999999999
962,Donald Anderson,Shelter,North Stephanieborough,9999999999
963,Victor Ward,NGO,Johnhaven,9999999999
964,Donald Moore,Individual,Davisfort,9999999999
965,Ashley Silva,NGO,Port Thomas,9999999999
966,Sheila Lang,NGO,Lake Larryborough,9999999999
967,Samantha Sherman,Individual,Port Cindyberg,9999999999
968,Mr. Joseph Herring,Individual,Mariefurt,9999999999
969,Leon Foster,NGO,Bennettton,9999999999
970,Brandon Rice,Shelter,South Benjamin,9999999999
971,Teresa Estrada,Individual,Mayburgh,9999999999
972,Patricia Joseph,Individual,Lauraport,9999999999
973,Brian Johnson,NGO,Patrickfort,9999999999
974,Mark Miller,NGO,North Joshua,9999999999
975,Danielle Bullock,Individual,Amandafurt,9999999999
976,Tammy Patrick,Individual,Clarkton,9999999999
977,Pamela Scott,Charity,South Paul,9999999999
978,Adam Evans,Individual,Lake Sonya,9999999999
979,Rebecca Wright,Charity,Teresastad,9999999999
980,Elizabeth Fisher,Shelter,Carrborough,9999999999
981,Dawn Jennings,Shelter,Port Cody,9999999999
982,Thomas Villanueva,NGO,Gutierrezmouth,9999999999
983,Joanna Black,NGO,North Jacobhaven,9999999999
984,Steve Kirby,Charity,Travishaven,9999999999
985,Thomas Sanchez,NGO,Rodneyfurt,9999999999
986,Rita Kane,Shelter,South Jamie,9999999999
987,Becky Smith,Shelter,East Renee,7907087489
988,Kristi Rodriguez,Charity,Nielsenberg,9999999999
989,Timothy Bradshaw,Individual,North Laura,9999999999
990,Patricia Hardy,Shelter,Thomasport,9999999999
991,Lindsey Wagner,Shelter,Jessicaburgh,9999999999
992,James Curry,Individual,Port Johnside,9999999999
993,Alexis Hayes,Shelter,Matthewmouth,9999999999
994,Angelica Simmons,NGO,Port Kellifort,9999999999
995,Brittany Taylor,Individual,Andrewsport,9999999999
996,Matthew Curtis,Shelter,Lanechester,9999999999
997,Amanda Cain,NGO,New Steven,9999999999
998,Theodore Briggs,Individual,South Sandra,9999999999
999,Cheyenne Ramsey,NGO,Lake Jeffery,9999999999
1000,April Miller,Shelter,Shelbychester,9999999999
